,language,question_count,answer_count,total,ratio
0,c,189582,401008,590590,2.115221909
1,c++,457026,894114,1351140,1.956374473
2,html,333848,629124,962972,1.88446239
3,java,1125001,1972889,3097890,1.753677552
4,javascript,1196065,1991325,3187390,1.664896975
5,matlab,59194,78562,137756,1.327195324
6,mysql,365740,627528,993268,1.715776234
7,python,611922,1001047,1612969,1.63590621
8,sql,256333,499427,755760,1.948352339
,,4594711,8095024,,
